Year,B.C.,Alberta,Saskatchewan,Rest of Canada,East Coast Offshore
1950,0.0,0.1385714124638042,0.002236591218714033,0.02304661386240113,0.0
1951,0.0,0.1562696560205848,0.002333834315179861,0.02382455863412775,0.0
1952,0.0,0.1731046678275909,0.003103276958253731,0.02327457718690298,0.0
1953,0.0,0.1986676460796857,0.004278696244496411,0.02703358081750006,0.0
1954,0.0001944861929316551,0.2385373156306749,0.008460149392526995,0.0279087686856925,0.0
1955,0.0004862154823291377,0.2919237755904143,0.01662856949565651,0.03024260300087236,0.0
1956,0.0004848870247271455,0.3111035150649365,0.02346853199679384,0.03549373021002705,0.0
1957,0.0201293209684263,0.367676147737294,0.03277092350898388,0.03996691264745512,0.0
1958,0.1562696560205848,0.5097483116738679,0.05892931645829149,0.04453733818134901,0.0
1959,0.1737734133844338,0.6878976643992639,0.08683808514398399,0.04667668630359721,0.0
1960,0.2151928615739072,0.8784213339956968,0.0866978000212136,0.0503312731666777,0.0
1961,0.2629453328435977,1.154081068856441,0.08926916255562968,0.04035588503331843,0.0
1962,0.2977583613783639,1.702143160537845,0.07828069265499117,0.04317593483082742,0.0
1963,0.2891037257929053,1.899352160170544,0.08440700773233831,0.04395387960255405,0.0
1964,0.3250682613770783,2.124096100519734,0.09067387362397622,0.03801514273860821,0.0
1965,0.3803177502778515,2.337626795942028,0.09539547763297682,0.03500751472769791,0.0
1966,0.4418726303407203,2.470849838100212,0.1090095111381927,0.0430786917343616,0.0
1967,0.6013513085446776,2.664460843163674,0.1092039973311243,0.03948069716512598,0.0
1968,0.6976554511774169,3.009984694696228,0.126555513453785,0.03355418211111847,0.0
1969,0.8039086784829963,3.572225148672174,0.1560751698276532,0.03150676325492813,0.0
1970,0.8676029066681132,4.16920051787589,0.1376962245956118,0.04657944320713139,0.0
1971,0.917391372058617,4.621867131924317,0.1571448438887773,0.04502355366367815,0.0
1972,1.171971938765511,5.061153786696999,0.1535152320286143,0.03471791097046362,0.0
1973,1.272134187965956,5.399033958879211,0.1522826890654859,0.02674185152810257,0.0
1974,1.096902128134534,5.525061011898924,0.1441142689623564,0.02110175193308458,0.0
1975,1.053823436400173,5.653908114716145,0.1461563739881388,0.03004811680794071,0.0
1976,1.006237553713772,5.765888588435432,0.1411991016005448,0.01357683669236007,0.0
1977,1.032624441370622,6.093835883127548,0.1154275555049373,0.02353282934473026,0.0
1978,0.9277963833804607,5.996009328082926,0.1084260525593977,0.03403508376303964,0.0
1979,0.9432580357185272,6.439437847967098,0.1145523676367448,0.03773032142874109,0.0
1980,0.7565207359792924,6.019387524962784,0.1160819537196786,0.04218517115126166,0.0
1981,0.6904259849073755,6.024209826058015,0.1158165278908006,0.04035588503331843,0.0
1982,0.6532791220574294,6.234546643713601,0.1236932187045326,0.04230074696263498,0.0
1983,0.6442355140861074,5.89195921486449,0.1165944726625272,0.04541252604954146,0.0
1984,0.6796176538575671,6.382955816103197,0.1536122094335597,0.05905923961176632,0.0
1985,0.7349633230887245,7.084062334439071,0.1838866954168799,0.05076089635516197,0.0
1986,0.6977192171423126,6.31545289997317,0.2138375691283548,0.04910776371524291,0.0
1987,0.8271497785383289,6.801182166819977,0.2305633817204771,0.04969122229403786,0.0
1988,0.8767727181116245,7.851581636596777,0.3690960032223032,0.0489735894974417,0.0
1989,1.111294106411477,8.117756449870816,0.5232651020826179,0.04813533275058463,0.0
1990,1.024942236749822,8.22462661288676,0.5950305072743987,0.04385663650608822,0.0
1991,1.342635432903681,8.682447111047876,0.6266345136257927,0.04162004528737418,0.0
1992,1.423337372384063,9.587186252905122,0.6374324827063055,0.04140935191169823,0.0
1993,1.597120616354752,10.76072656871554,0.6466665914977532,0.03996691264745512,0.0
1994,1.697864464293349,11.63688686787265,0.7090966594288144,0.04142555909444252,0.0
1995,1.875041386054087,12.06047779607779,0.7216410188729061,0.04434285198841736,0.0
1996,1.881749565561107,12.77609425972567,0.6270559003771445,0.04451262886995196,0.0
1997,2.030046881820616,12.95696190239626,0.6019347671234724,0.0261583929493076,0.0
1998,2.069235849696344,13.30110522078882,0.6098114579372045,0.0261583929493076,0.0
1999,2.110564165694321,13.71458286696152,0.633733259667798,0.0409393436121134,0.0
2000,2.158620056680306,13.79396910203289,0.6480030198453572,0.05624689486834888,0.3330204085826035
2001,2.495257855313134,13.60839340562084,0.651820475610442,0.03452129924536878,0.494481145528733
2002,2.736031762162523,13.36927263141137,0.6456941605330948,0.03588270259589037,0.5065392894904956
2003,2.5494222600446,13.10175687303387,0.688967338460388,0.0384882243982861,0.4209653646005674
2004,2.636039821226654,13.17185904930796,0.7047348017384333,0.03665590743089307,0.3899461452855704
2005,2.719500435763333,13.30652193354264,0.6800941003940743,0.03540439297730389,0.3837212586541555
2006,2.860697411831715,13.25047656532054,0.6681559252404214,0.03472892298063297,0.3503668765663766
2007,2.721391137918268,13.19928664214808,0.5691157763519056,0.04376405135394311,0.4067678725165566
2008,2.804480462589669,12.40857905608816,0.5610749275806197,0.05244444961140059,0.4271894114010133
2009,2.776397342429803,11.51103897553386,0.5218246498189794,0.04637465931820619,0.3296540970191553
2010,2.973546759175191,10.96941025373121,0.4280969690848687,0.04060814334986043,0.3035929471663135
2011,3.538883871064076,10.20809216498418,0.4618004636132694,0.03769050038073833,0.2604389892752874
2012,3.535516437469395,9.94222729173546,0.4631926167719044,0.0315410378595968,0.1970950087716292
2013,3.913219837706425,9.737376075038686,0.4382395504622799,0.02893074743907753,0.1768073647101196
2014,4.150510394735158,9.956615360700365,0.4368376356377706,0.02485292549073011,0.3305200114352993
2015,4.36924610689816,10.18461686584388,0.4308727829977953,0.02113394610778842,0.1985819237990117
2016,4.570536955764476,10.18318292826366,0.4097931239788607,0.02200314270021292,0.1753588756769763
2017,4.659921682257726,10.43738145793045,0.4034272706993564,0.01633811409082273,0.1272537901480708
2018,4.301708259265091,10.49295554720983,0.3980925922217182,0.0182450901097562,0.07229142303874263
2019,5.170733424013493,10.10603510737366,0.39327024872212,0.0169265223432278,0.0
2020,5.377069805482352,9.610072464678437,0.3883668861049308,0.02082609166684079,2.73224043715847e-06
2021,5.750884278882174,9.893507072128173,0.3188571960185545,0.02052529485723515,5.479452054794521e-06
2022,6.282155696826113,10.57441826736461,0.3096618596438169,0.01974628041144741,5.479452054794521e-06
2023,6.711758776713354,10.73348987624246,0.3112850608586438,0.02039858710254018,8.21917808219178e-06
2024,7.116306807470333,10.74340531777966,0.2963624743239471,0.02156399274107056,1.092896174863388e-05
2025,7.445580397779398,11.06590162216412,0.280944709097204,0.02048027130357147,1.36986301369863e-05
