Month,Total Including NGLs BC,Total Including NGLs AB,Total Including NGLs SK,Total MB,Rest of Canada,East Coast Offshore,Canada Total Including NGLs
1/1/2018,187040.0069,4054600.893,485787.9512,41961.08187,511.4824781,226045.0643,4995946.479
2/1/2018,183213.6455,4157728.409,491290.9047,41041.61891,519.2454536,267127.3567,5140921.181
3/1/2018,186121.3973,4206211.754,503246.407,43745.53871,547.3749174,246925.5771,5186798.049
4/1/2018,192077.9775,3854390.914,490383.0158,43791.70517,566.207796,256980.4717,4838190.292
5/1/2018,199927.0842,4005157.754,482711.6303,42131.86009,530.8794097,259906.1011,4990365.309
6/1/2018,201359.729,4010416.98,476676.2837,40774.29941,583.211222,242040.5194,4971851.023
7/1/2018,217885.2265,4186626.409,485660.3291,39277.97493,535.4851665,258441.7951,5188427.22
8/1/2018,208056.5084,4486214.263,491878.1007,40232.94918,533.2330123,222938.9175,5449853.972
9/1/2018,209188.8689,4121463.371,493723.5286,41399.4636,593.778086,153295.6346,5019664.645
10/1/2018,195423.761,4400570.258,494592.6567,42459.41664,3795.549375,199100.9813,5335942.623
11/1/2018,203144.0234,4498016.427,500101.1761,42846.93527,9173.799096,185158.7131,5438441.074
12/1/2018,212148.1233,4477551.049,495238.0713,44714.99979,8796.082403,244752.7555,5483201.081
1/1/2019,183068.9445,4202577.368,494948.495,44478.34099,8114.633297,252123.1838,5185310.966
2/1/2019,189374.699,4194773.379,488909.1125,43407.19022,8027.963766,257595.6141,5182087.959
3/1/2019,198219.2472,4249497.084,503683.8504,47046.54749,8354.903657,260008.3611,5266809.994
4/1/2019,208179.817,4317528.497,497251.9722,47714.40183,8034.653418,260487.0352,5339196.377
5/1/2019,186145.2821,4131867.883,489166.992,45272.92534,8110.6971,272204.892,5132768.672
6/1/2019,205605.7268,4259940.082,462882.5132,43368.56935,7925.902776,291676.4761,5271399.27
7/1/2019,198354.2298,4315037.278,470911.9026,42269.91105,7812.763477,232933.6126,5267319.698
8/1/2019,195979.6403,4398512.704,478668.626,42641.07012,7856.954394,198983.0983,5322642.093
9/1/2019,187224.8292,4235850.959,480851.5074,41788.80222,7713.349468,175212.233,5128641.68
10/1/2019,182884.8259,4200274.239,498903.9879,42543.92314,7769.76965,318079.2439,5250455.989
11/1/2019,183948.8253,4362401.843,504022.0613,43824.47502,8562.577298,340823.925,5443583.707
12/1/2019,190912.1005,4522466.52,508540.3064,45038.05203,8198.523133,280248.7346,5555404.237
1/1/2020,182226.8052,4347691.474,496247.8338,43613.87899,8062.671434,292427.4106,5370270.074
2/1/2020,186910.039,4450246.362,505013.358,43942.53818,8004.854948,295178.362,5489295.514
3/1/2020,201750.5895,4355630.73,505003.6412,45401.19668,7810.795378,303346.9092,5418943.862
4/1/2020,186803.5925,3841625.493,401577.1367,40697.79448,6818.331894,303474.4636,4780996.812
5/1/2020,182188.3604,3615169.014,363774.156,33596.07395,5540.867427,302144.34,4502412.812
6/1/2020,192954.1252,3893979.362,397632.5096,32148.86605,6770.319754,285228.8021,4808713.985
7/1/2020,181899.3763,3880863.266,403548.6396,33918.70011,6392.161423,262575.0053,4769197.148
8/1/2020,181233.702,3736096.584,427637.2548,35836.62245,495.4739226,279860.9989,4661160.636
9/1/2020,166270.8101,3845510.551,436464.6236,36411.27481,500.24876,275432.2289,4760589.737
10/1/2020,182577.6883,4132965.805,432778.7199,37159.42826,5696.002301,265915.7007,5057093.344
11/1/2020,192344.7221,4433510.364,439654.1393,36169.01268,7085.522598,265681.3617,5374445.122
12/1/2020,193114.2067,4582280.492,443117.2439,36491.79643,6854.766068,279249.468,5541107.973
1/1/2021,195711.3242,4548349.04,434056.1499,35666.47322,6754.61622,288166.9841,5508704.587
2/1/2021,196644.7238,4363840.671,431249.6151,33140.05766,6525.577646,252871.3004,5284271.946
3/1/2021,200140.7579,4449642.289,454779.7221,37954.27637,6856.876194,283557.7781,5432931.7
4/1/2021,200419.405,4112113.203,455070.5942,37602.79356,7076.318524,264047.2716,5076329.586
5/1/2021,202192.7318,4156372.158,447168.8206,36604.68819,7157.731531,264827.3624,5114323.493
6/1/2021,192893.3052,4355839,439993.105,36079.2782,6980.776462,288875.6281,5320661.093
7/1/2021,186558.0872,4496302.114,443625.9995,34894.93794,2099.981613,270422.4438,5433903.564
8/1/2021,191043.9248,4334807.82,447601.782,35274.21288,1615.971358,257189.1104,5267532.822
9/1/2021,184731.7526,4210508.468,448736.3463,37793.39546,7119.63428,243421.7595,5132311.356
10/1/2021,174176.7385,4605045.099,456167.8607,38135.19943,7365.883332,223735.2874,5504626.068
11/1/2021,206159.8347,4637215.977,455811.0924,38815.11058,7240.29361,221650.2457,5566892.554
12/1/2021,206315.0055,4428061.008,450104.4123,38717.79723,6706.103601,231505.0165,5361409.343
1/1/2022,200384.1386,4384106.748,437728.5856,37159.77319,6930.08135,235632.7484,5301942.076
2/1/2022,206701.6397,4582874.562,445846.0057,36798.09302,6861.655138,243581.9397,5522663.895
3/1/2022,208616.4931,4584597.862,462261.9911,39568.27963,6881.102069,250858.3253,5552784.053
4/1/2022,209529.5119,4444181.222,462522.4683,37962.65398,7026.251716,245647.7197,5406869.827
5/1/2022,205657.1393,4244422.146,455658.0866,37192.25696,6821.085203,244603.0177,5194353.732
6/1/2022,202260.9331,4407109.662,452148.6383,36489.83441,6668.55079,244201.0657,5348878.684
7/1/2022,203876.6733,4639470.491,452280.8698,36038.26127,6047.03401,239600.8006,5577314.13
8/1/2022,201782.572,4618376.62,460100.9781,37599.91716,5803.294115,229895.2335,5553558.615
9/1/2022,185257.861,4612618.375,469181.7731,38313.1426,5111.343072,174443.4098,5484925.904
10/1/2022,210621.7351,4707755.597,465068.6621,39636.83845,5095.224952,182382.6929,5610560.75
11/1/2022,217760.7717,4811372.738,466130.8637,39382.76503,4915.394836,242585.0064,5782147.54
12/1/2022,173610.5061,4626315.506,454232.3309,39990.36579,4859.113976,237453.9499,5536461.773
1/1/2023,187465.055,4609810.662,454133.7089,40612.89368,4764.239445,234577.6852,5531364.245
2/1/2023,165809.5696,4672246.901,461955.6706,39117.43431,4586.387379,207637.0805,5551353.043
3/1/2023,197023.3601,4730525.358,463631.2562,38452.97636,4430.109037,191121.6599,5625184.719
4/1/2023,210344.4801,4360002.586,460496.1526,37521.88576,4751.272988,217688.9297,5290805.307
5/1/2023,182892.5123,4124967.513,454657.3753,40352.25248,4406.390404,216149.7886,5023425.832
6/1/2023,201370.883,4395932.338,447407.603,38559.22055,4517.75368,204432.3376,5292220.136
7/1/2023,200226.7872,4733913.901,453640.8422,37863.27717,4657.880955,212703.1811,5643005.87
8/1/2023,215898.9947,4725851.211,453894.1385,36698.58882,4552.313764,206930.3621,5643825.609
9/1/2023,206970.4563,4666864.351,450783.9886,36022.25068,4632.877986,113597.7715,5478871.696
10/1/2023,221893.9834,4736698.754,456870.2081,38507.39327,4476.45066,191057.7474,5649504.537
11/1/2023,225102.3651,5068086.02,461337.7069,39351.12733,4457.434498,200568.0941,5998902.748
12/1/2023,233931.0046,5136864.167,466254.3868,39157.5354,4387.1355,204899.3654,6085493.594
1/1/2024,235774.0696,4695950.345,448643.9917,37381.13357,4337.202604,190086.4806,5612173.223
2/1/2024,238675.1552,4863942.39,460597.6772,38125.40581,4147.971277,212157.5567,5817646.156
3/1/2024,240873.9148,4935150.758,463429.4449,39219.33776,4602.794481,190344.9711,5873621.221
4/1/2024,242955.5781,4798591.663,464907.8037,38393.9246,4536.497284,219891.1983,5769276.665
5/1/2024,231813.6418,4500329.588,457509.3837,36835.36153,4648.101331,202711.1236,5433847.2
6/1/2024,239129.0118,4768528.854,444224.5092,36477.52737,4443.366312,188612.4423,5681415.711
7/1/2024,223387.6149,4867072.85,440698.4526,36902.72326,4013.947463,214774.3514,5786849.94
8/1/2024,242525.8143,4925627.732,449771.3877,36868.98153,4425.259804,228142.6111,5887361.786
9/1/2024,246369.3378,4579844.848,438446.5522,36332.58941,4402.776136,218507.023,5523903.127
10/1/2024,242432.5472,5078517.591,452833.3232,35729.08716,4297.353677,196554.0181,6010363.92
11/1/2024,260874.8884,5122639.97,452490.7531,34787.94033,4253.393386,203160.9593,6078207.905
12/1/2024,276932.6301,5183355.994,452002.9276,37460.30389,4211.00081,241827.7956,6195790.652
1/1/2025,273226.7981,5149321.661,445769.9914,35285.96061,4082.567152,234552.526,6142239.504
2/1/2025,262974.3441,4963403.178,441296.0408,33878.21061,4027.066914,182652.8717,5888231.712
3/1/2025,258518.491,5171156.777,457058.6201,34668.26167,4158.714312,255309.2718,6180870.135
4/1/2025,249371.3024,4968106.543,455298.3416,33332.12419,4055.97753,247445.1349,5957609.424
5/1/2025,257414.4492,4485913.081,426822.9834,32011.63275,3964.887023,255343.5614,5461470.594
6/1/2025,260530.8909,4903402.46,422839.7658,32844.37116,3988.529908,221521.0952,5845127.113
7/1/2025,264735.7639,5261737.511,427423.0506,32023.09642,4099.08295,225794.8925,6215813.398
8/1/2025,258557.746,5195640.747,425708.4917,37633.43571,4203.635657,253587.2869,6175331.343
9/1/2025,251967.154,5139041.172,423235.3523,37084.36728,4267.503504,237329.4592,6092925.008
10/1/2025,262480.5531,5076420.879,437035.1838,35903.5581,,269608.2191,6081448.394
11/1/2025,263584.9631,5422499.073,453390.8968,35383.37473,,242270.3067,6417128.614
12/1/2025,254643.7731,5405363.586,443825.3476,0,,248082.2916,6351914.998
